1,BRCDO
3,BRBEL
3,BRAM012
4,BRSE002
5,BRAM011
6,BRES008
7,BRBA003
8,BRSUA
9,BRVDC
10,BRPNG
11,BRRN001
12,BRSSZ
13,BRRIG
14,BRMCZ
15,BRPA001
16,BRARE
17,BRAM009
18,BRIQI
19,BRRS009
20,BRFOR
21,BRSP006
22,BRRJ010
23,BRSTM
24,BRES005
25,BRRJ026
26,BRSP009
27,BRRJ014
28,BRRS001
29,BRAM013
30,BRRIO
31,BRNTR
32,BRADR
33,BRRJ056
34,BRVIX
35,BRES002
36,BRPA014
37,BRPA033
38,BRRJ013
39,BRRJ019
40,BRARB
41,BRRJ008
42,BRSC007
43,BRRJ009
44,BRES004
45,BRSFS
46,BRCE001
47,BRPE001
48,BRSP002
49,BRPA006
50,BRIOS
51,BRSP001
52,BRSP005
53,BRBA002
54,BRPR002
55,BRRJ003
56,BRRJ015
57,BRMCP
58,BRAM025
59,BRES010
60,BRRJ020
61,BRMS002
62,BRPA017
63,BRMS001
64,BRPA038
65,BRRJ012
66,BRRO007
67,BRSC001
68,BRES006
69,BRREC
70,BRPA004
71,BRRJ016
72,BRPA018
73,BRMA001
74,BRSP004
75,BRPA028
76,BRRS016
77,BRRS014
78,BRPOA
79,BRSSA
80,BRIGI
81,BRRJ001
82,BRES001
83,BRES003
84,BRIBB
85,BRSC008
86,BRSC011
87,BRSP008
88,BRAM006
89,BRITJ
90,BRSE001
91,BRPA019
92,BRMA002
93,BRRO003
94,BRAM014
95,BRBA007
96,BRFNO
97,BRRO013
98,BRPVH
99,BRNAT
100,BRRS002
101,BRRS006
102,BRRS015
103,BRPET
104,BRRS005
105,BRES007
